{
    "@AlexaGreen177": {
        "3": 2,
        "2": 2,
        "1": 2
    },
    "@AlexaGuerrero173": {
        "2": 2,
        "1": 1,
        "3": 4
    },
    "@AnnikaLiu115": {
        "3": 1
    },
    "@GiulianaFrank159": {
        "3": 2,
        "1": 1,
        "2": 1
    },
    "@LaneyConley78": {
        "3": 2,
        "1": 3,
        "2": 2
    },
    "@OdinDoyle199": {
        "1": 6,
        "2": 2,
        "3": 2
    },
    "@PrinceKing174": {
        "2": 1,
        "3": 1,
        "1": 1
    },
    "@PrinceWade23": {
        "2": 2,
        "1": 4
    },
    "@ThaliaMckee62": {
        "1": 2
    },
    "@WilliamFitzgerald32": {
        "2": 2,
        "1": 2
    }
}
